{"cameraMode":{"drawMode":0,"name":"Shaded","section":"Shading Mode"},"sceneLighting":false,"audioPlay":false,"sceneViewState":{"showFog":false,"showMaterialUpdate":false,"showSkybox":false,"showFlares":false,"showImageEffects":false,"showParticleSystems":false},"in2DMode":false,"pivot":{"x":1.1449514627456666,"y":3.122148275375366,"z":6.7982378005981449},"rotation":{"x":0.07834222912788391,"y":-0.40351399779319765,"z":0.03465210646390915,"w":0.9109592437744141},"size":1.5278383493423463,"orthographic":false}