{"cameraMode":{"drawMode":0,"name":"Shaded","section":"Shading Mode"},"sceneLighting":false,"audioPlay":false,"sceneViewState":{"showFog":false,"showMaterialUpdate":false,"showSkybox":false,"showFlares":false,"showImageEffects":false,"showParticleSystems":false},"in2DMode":false,"pivot":{"x":0.14714597165584565,"y":1.340074896812439,"z":0.3262985348701477},"rotation":{"x":0.06464898586273194,"y":0.8820668458938599,"z":-0.12682312726974488,"w":0.44948655366897585},"size":0.8635421991348267,"orthographic":false}