{"cameraMode":{"drawMode":0,"name":"Shaded","section":"Shading Mode"},"sceneLighting":false,"audioPlay":false,"sceneViewState":{"showFog":false,"showMaterialUpdate":false,"showSkybox":false,"showFlares":false,"showImageEffects":false,"showParticleSystems":false},"in2DMode":false,"pivot":{"x":7.3582940101623539,"y":-1.4813817739486695,"z":2.3245162963867189},"rotation":{"x":0.08061310648918152,"y":0.6432809233665466,"z":-0.06837094575166702,"w":0.7583292722702026},"size":2.555039167404175,"orthographic":false}