{"cameraMode":{"drawMode":0,"name":"Shaded","section":"Shading Mode"},"sceneLighting":false,"audioPlay":false,"sceneViewState":{"showFog":false,"showMaterialUpdate":false,"showSkybox":false,"showFlares":false,"showImageEffects":false,"showParticleSystems":false},"in2DMode":false,"pivot":{"x":28.38062858581543,"y":-18.39848518371582,"z":-11.58226490020752},"rotation":{"x":0.14302024245262147,"y":0.8184933066368103,"z":-0.23128579556941987,"w":0.5061067938804627},"size":10.167701721191407,"orthographic":false}