{"cameraMode":{"drawMode":0,"name":"Shaded","section":"Shading Mode"},"sceneLighting":false,"audioPlay":false,"sceneViewState":{"showFog":false,"showMaterialUpdate":false,"showSkybox":false,"showFlares":false,"showImageEffects":false,"showParticleSystems":false},"in2DMode":false,"pivot":{"x":-3.5211007595062258,"y":3.6275434494018556,"z":9.650121688842774},"rotation":{"x":0.021226270124316217,"y":-0.3633648157119751,"z":0.008232168853282929,"w":0.9313709139823914},"size":1.5278382301330567,"orthographic":false}