{"cameraMode":{"drawMode":0,"name":"Shaded","section":"Shading Mode"},"sceneLighting":false,"audioPlay":false,"sceneViewState":{"showFog":false,"showMaterialUpdate":false,"showSkybox":false,"showFlares":false,"showImageEffects":false,"showParticleSystems":false},"in2DMode":false,"pivot":{"x":636.0206909179688,"y":27.783767700195314,"z":-529.4915161132813},"rotation":{"x":-0.20734474062919618,"y":-0.07157370448112488,"z":-0.01518649235367775,"w":0.9756560921669006},"size":70.71067810058594,"orthographic":false}