{"cameraMode":{"drawMode":0,"name":"Shaded","section":"Shading Mode"},"sceneLighting":false,"audioPlay":false,"sceneViewState":{"showFog":false,"showMaterialUpdate":false,"showSkybox":false,"showFlares":false,"showImageEffects":false,"showParticleSystems":false},"in2DMode":false,"pivot":{"x":-2.698864221572876,"y":4.3470659255981449,"z":2.1760191917419435},"rotation":{"x":0.08856617659330368,"y":0.04333474859595299,"z":-0.003902602940797806,"w":0.9951197504997253},"size":0.3055676221847534,"orthographic":false}