{"cameraMode":{"drawMode":0,"name":"Shaded","section":"Shading Mode"},"sceneLighting":false,"audioPlay":false,"sceneViewState":{"showFog":false,"showMaterialUpdate":false,"showSkybox":false,"showFlares":false,"showImageEffects":false,"showParticleSystems":false},"in2DMode":false,"pivot":{"x":19.358352661132814,"y":-10.32170581817627,"z":19.192609786987306},"rotation":{"x":0.17155230045318604,"y":0.37767094373703005,"z":-0.07140322774648667,"w":0.9071442484855652},"size":8.672552108764649,"orthographic":false}