{"cameraMode":{"drawMode":0,"name":"Shaded","section":"Shading Mode"},"sceneLighting":false,"audioPlay":false,"sceneViewState":{"showFog":false,"showMaterialUpdate":false,"showSkybox":false,"showFlares":false,"showImageEffects":false,"showParticleSystems":false},"in2DMode":false,"pivot":{"x":1.1760615110397339,"y":3.3306477069854738,"z":7.4865617752075199},"rotation":{"x":0.05479513108730316,"y":-0.28928878903388979,"z":0.016541309654712678,"w":0.9555329084396362},"size":1.5278383493423463,"orthographic":false}