{"cameraMode":{"drawMode":0,"name":"Shaded","section":"Shading Mode"},"sceneLighting":false,"audioPlay":false,"sceneViewState":{"showFog":false,"showMaterialUpdate":false,"showSkybox":false,"showFlares":false,"showImageEffects":false,"showParticleSystems":false},"in2DMode":false,"pivot":{"x":-0.444735050201416,"y":1.4070219993591309,"z":1.0973901748657227},"rotation":{"x":0.17700907588005067,"y":0.35280850529670718,"z":-0.06816906481981278,"w":0.9164224863052368},"size":0.8635421991348267,"orthographic":false}