{"cameraMode":{"drawMode":0,"name":"Shaded","section":"Shading Mode"},"sceneLighting":false,"audioPlay":false,"sceneViewState":{"showFog":false,"showMaterialUpdate":false,"showSkybox":false,"showFlares":false,"showImageEffects":false,"showParticleSystems":false},"in2DMode":false,"pivot":{"x":0.0,"y":0.13999998569488526,"z":1.0220000743865967},"rotation":{"x":0.05119449645280838,"y":0.8988824486732483,"z":-0.10920123010873795,"w":0.42130744457244875},"size":0.3528972268104553,"orthographic":false}