{"cameraMode":{"drawMode":0,"name":"Shaded","section":"Shading Mode"},"sceneLighting":false,"audioPlay":false,"sceneViewState":{"showFog":false,"showMaterialUpdate":false,"showSkybox":false,"showFlares":false,"showImageEffects":false,"showParticleSystems":false},"in2DMode":false,"pivot":{"x":1.3244415521621705,"y":0.3206980526447296,"z":-3.2864484786987306},"rotation":{"x":0.055182091891765597,"y":-0.20373879373073579,"z":0.011512063443660736,"w":0.9774384498596191},"size":0.000017320508050033823,"orthographic":false}