{"cameraMode":{"drawMode":0,"name":"Shaded","section":"Shading Mode"},"sceneLighting":false,"audioPlay":false,"sceneViewState":{"showFog":false,"showMaterialUpdate":false,"showSkybox":false,"showFlares":false,"showImageEffects":false,"showParticleSystems":false},"in2DMode":false,"pivot":{"x":-4.547335624694824,"y":3.021054267883301,"z":6.238866806030273},"rotation":{"x":0.2545499801635742,"y":0.014517854899168015,"z":-0.0037840630393475296,"w":0.9669955968856812},"size":1.527839183807373,"orthographic":false}