{"cameraMode":{"drawMode":0,"name":"Shaded","section":"Shading Mode"},"sceneLighting":false,"audioPlay":false,"sceneViewState":{"showFog":false,"showMaterialUpdate":false,"showSkybox":false,"showFlares":false,"showImageEffects":false,"showParticleSystems":false},"in2DMode":false,"pivot":{"x":-0.23749446868896485,"y":-0.23031246662139893,"z":-0.018364787101745607},"rotation":{"x":0.0052701933309435848,"y":0.9945325255393982,"z":-0.0600527748465538,"w":0.08703767508268357},"size":2.055382013320923,"orthographic":false}