{"cameraMode":{"drawMode":0,"name":"Shaded","section":"Shading Mode"},"sceneLighting":false,"audioPlay":false,"sceneViewState":{"showFog":false,"showMaterialUpdate":false,"showSkybox":false,"showFlares":false,"showImageEffects":false,"showParticleSystems":false},"in2DMode":false,"pivot":{"x":-6.237057685852051,"y":-1.5439139604568482,"z":-4.668593883514404},"rotation":{"x":-0.05599695071578026,"y":0.8733197450637817,"z":-0.10344531387090683,"w":-0.47280246019363406},"size":2.4248712062835695,"orthographic":false}