{"cameraMode":{"drawMode":0,"name":"Shaded","section":"Shading Mode"},"sceneLighting":false,"audioPlay":false,"sceneViewState":{"showFog":false,"showMaterialUpdate":false,"showSkybox":false,"showFlares":false,"showImageEffects":false,"showParticleSystems":false},"in2DMode":false,"pivot":{"x":0.30954334139823916,"y":-0.026027189567685128,"z":1.2517467737197877},"rotation":{"x":0.02034595236182213,"y":-0.07042893767356873,"z":0.0014460849342867733,"w":0.9973447918891907},"size":2.8245689868927,"orthographic":false}