{"cameraMode":{"drawMode":0,"name":"Shaded","section":"Shading Mode"},"sceneLighting":false,"audioPlay":false,"sceneViewState":{"showFog":false,"showMaterialUpdate":false,"showSkybox":false,"showFlares":false,"showImageEffects":false,"showParticleSystems":false},"in2DMode":false,"pivot":{"x":9.235488891601563,"y":-0.2985228896141052,"z":19.375743865966798},"rotation":{"x":0.0729244276881218,"y":0.2731637954711914,"z":-0.020772486925125123,"w":0.9589755535125732},"size":6.166147232055664,"orthographic":false}